order_id,order_date,customer_id,customer_name,region,category,product_name,quantity,unit_price,discount_pct,revenue,profit
ORD-10001,2023-04-25,CUST-101,Acme Corp,East,Furniture,Standing Desk 60in,1,650.0,0.0,650.0,213.29
ORD-10002,2023-03-31,CUST-110,Pioneer Ventures,West,Electronics,MacBook Pro 16,1,2499.0,0.0,2499.0,750.71
ORD-10003,2023-07-23,CUST-109,Nexus Labs,West,Furniture,Monitor Arm Dual,2,120.0,0.1,216.0,19.51
ORD-10004,2023-06-13,CUST-107,Summit Financial,East,Office Supplies,Heavy Duty Stapler,1,25.0,0.1,22.5,2.51
ORD-10005,2024-01-25,CUST-102,GlobalTech Industries,East,Office Supplies,A4 Paper Reams (Box of 5),4,45.0,0.1,162.0,33.7
ORD-10006,2024-01-23,CUST-102,GlobalTech Industries,East,Office Supplies,Heavy Duty Stapler,3,25.0,0.0,75.0,16.92
ORD-10007,2023-10-24,CUST-102,GlobalTech Industries,South,Electronics,iPad Air,1,599.0,0.05,569.05,121.58
ORD-10008,2024-01-15,CUST-106,Horizon Retail,South,Office Supplies,Laser Printer Toner,2,85.0,0.0,170.0,55.39
ORD-10009,2023-06-17,CUST-108,Vanguard Health,West,Office Supplies,Heavy Duty Stapler,3,25.0,0.1,67.5,17.64
ORD-10010,2023-08-23,CUST-101,Acme Corp,East,Apparel,Merino Wool Socks (Pack),1,30.0,0.15,25.5,4.3
ORD-10011,2023-11-19,CUST-104,Starlight Media,West,Apparel,Running Shoes,1,140.0,0.0,140.0,46.06
ORD-10012,2023-09-27,CUST-110,Pioneer Ventures,West,Apparel,Merino Wool Socks (Pack),1,30.0,0.2,24.0,2.46
ORD-10013,2023-04-04,CUST-101,Acme Corp,North,Furniture,Standing Desk 60in,3,650.0,0.0,1950.0,375.78
ORD-10014,2024-01-26,CUST-110,Pioneer Ventures,West,Office Supplies,Laser Printer Toner,3,85.0,0.0,255.0,91.02
ORD-10015,2023-10-01,CUST-106,Horizon Retail,North,Office Supplies,Whiteboard 4x3ft,1,110.0,0.0,110.0,35.69
ORD-10016,2023-09-27,CUST-109,Nexus Labs,South,Electronics,Sony WH-1000XM5,4,399.0,0.05,1516.2,270.97
ORD-10017,2024-01-18,CUST-103,Apex Logistics,North,Office Supplies,Whiteboard 4x3ft,1,110.0,0.15,93.5,22.63
ORD-10018,2023-11-11,CUST-104,Starlight Media,North,Furniture,Ergonomic Mesh Chair,1,350.0,0.0,350.0,67.84
ORD-10019,2024-06-29,CUST-103,Apex Logistics,South,Apparel,Waterproof Windbreaker,1,130.0,0.15,110.5,14.9
ORD-10020,2023-08-05,CUST-109,Nexus Labs,South,Office Supplies,Whiteboard 4x3ft,10,110.0,0.05,1045.0,239.38
ORD-10021,2024-06-13,CUST-108,Vanguard Health,North,Furniture,Standing Desk 60in,1,650.0,0.0,650.0,189.01
ORD-10022,2023-08-14,CUST-101,Acme Corp,North,Electronics,Dell XPS 15,1,1899.0,0.0,1899.0,467.32
ORD-10023,2024-06-10,CUST-104,Starlight Media,East,Apparel,Waterproof Windbreaker,2,130.0,0.1,234.0,66.68
ORD-10024,2024-04-29,CUST-104,Starlight Media,West,Apparel,Waterproof Windbreaker,1,130.0,0.05,123.5,26.11
ORD-10025,2024-02-25,CUST-108,Vanguard Health,North,Electronics,MacBook Pro 16,2,2499.0,0.0,4998.0,1760.97
ORD-10026,2023-09-12,CUST-104,Starlight Media,South,Apparel,Waterproof Windbreaker,2,130.0,0.0,260.0,59.79
ORD-10027,2023-03-19,CUST-108,Vanguard Health,North,Electronics,Logitech MX Master,4,99.0,0.2,316.8,65.45
ORD-10028,2023-08-31,CUST-103,Apex Logistics,West,Apparel,Running Shoes,1,140.0,0.0,140.0,26.84
ORD-10029,2024-01-24,CUST-101,Acme Corp,West,Office Supplies,Whiteboard 4x3ft,1,110.0,0.05,104.5,30.37
ORD-10030,2024-05-13,CUST-103,Apex Logistics,South,Office Supplies,Heavy Duty Stapler,8,25.0,0.05,190.0,47.69
ORD-10031,2023-11-18,CUST-101,Acme Corp,North,Apparel,Waterproof Windbreaker,1,130.0,0.05,123.5,39.03
ORD-10032,2023-03-12,CUST-110,Pioneer Ventures,North,Furniture,Monitor Arm Dual,1,120.0,0.15,102.0,9.51
ORD-10033,2023-02-10,CUST-110,Pioneer Ventures,North,Apparel,Merino Wool Socks (Pack),5,30.0,0.0,150.0,48.49
ORD-10034,2023-09-02,CUST-105,Quantum Dynamics,West,Furniture,Bookshelf 5-Tier,2,180.0,0.15,306.0,78.17
ORD-10035,2023-01-10,CUST-108,Vanguard Health,North,Electronics,Logitech MX Master,1,99.0,0.0,99.0,36.3
ORD-10036,2023-03-12,CUST-104,Starlight Media,East,Office Supplies,Heavy Duty Stapler,2,25.0,0.05,47.5,9.53
ORD-10037,2024-06-25,CUST-101,Acme Corp,East,Electronics,Dell XPS 15,1,1899.0,0.15,1614.15,338.94
ORD-10038,2023-06-09,CUST-105,Quantum Dynamics,East,Furniture,Bookshelf 5-Tier,1,180.0,0.05,171.0,32.9
ORD-10039,2024-05-15,CUST-105,Quantum Dynamics,North,Electronics,iPad Air,4,599.0,0.0,2396.0,591.12
ORD-10040,2023-05-14,CUST-105,Quantum Dynamics,South,Apparel,Running Shoes,2,140.0,0.0,280.0,103.32
ORD-10041,2023-06-02,CUST-109,Nexus Labs,North,Office Supplies,Heavy Duty Stapler,2,25.0,0.0,50.0,12.65
ORD-10042,2023-02-10,CUST-106,Horizon Retail,South,Furniture,Ergonomic Mesh Chair,1,350.0,0.05,332.5,106.73
ORD-10043,2023-06-08,CUST-104,Starlight Media,South,Furniture,Monitor Arm Dual,1,120.0,0.1,108.0,17.57
ORD-10044,2024-02-26,CUST-104,Starlight Media,East,Furniture,Ergonomic Mesh Chair,1,350.0,0.0,350.0,95.95
ORD-10045,2023-07-24,CUST-108,Vanguard Health,East,Electronics,MacBook Pro 16,35,2499.0,0.05,83091.75,18340.82
ORD-10046,2023-10-13,CUST-102,GlobalTech Industries,East,Office Supplies,Whiteboard 4x3ft,3,110.0,0.1,297.0,48.26
ORD-10047,2023-01-29,CUST-102,GlobalTech Industries,East,Furniture,Bookshelf 5-Tier,1,180.0,0.05,171.0,35.84
ORD-10048,2023-11-18,CUST-107,Summit Financial,North,Apparel,Waterproof Windbreaker,1,130.0,0.1,117.0,10.44
ORD-10049,2023-07-21,CUST-106,Horizon Retail,West,Electronics,Sony WH-1000XM5,2,399.0,0.05,758.1,123.63
ORD-10050,2023-11-04,CUST-109,Nexus Labs,East,Apparel,Merino Wool Socks (Pack),2,30.0,0.0,60.0,12.33
ORD-10051,2024-03-06,CUST-107,Summit Financial,South,Office Supplies,Whiteboard 4x3ft,2,110.0,0.0,220.0,52.22
ORD-10052,2024-03-16,CUST-110,Pioneer Ventures,East,Apparel,Running Shoes,2,140.0,0.0,280.0,76.9
ORD-10053,2023-06-23,CUST-102,GlobalTech Industries,East,Office Supplies,Laser Printer Toner,4,85.0,0.1,306.0,72.95
ORD-10054,2023-08-19,CUST-104,Starlight Media,South,Electronics,MacBook Pro 16,1,2499.0,0.0,2499.0,874.52
ORD-10055,2023-03-16,CUST-108,Vanguard Health,West,Furniture,Monitor Arm Dual,2,120.0,0.0,240.0,74.69
ORD-10056,2023-01-06,CUST-102,GlobalTech Industries,West,Furniture,Standing Desk 60in,4,650.0,0.05,2470.0,579.57
ORD-10057,2023-09-13,CUST-102,GlobalTech Industries,West,Furniture,Monitor Arm Dual,3,120.0,0.2,288.0,35.67
ORD-10058,2024-03-29,CUST-110,Pioneer Ventures,West,Apparel,Waterproof Windbreaker,3,130.0,0.0,390.0,90.42
ORD-10059,2023-09-11,CUST-105,Quantum Dynamics,West,Furniture,Bookshelf 5-Tier,2,180.0,0.1,324.0,45.68
ORD-10060,2023-12-10,CUST-106,Horizon Retail,North,Furniture,Standing Desk 60in,1,650.0,0.05,617.5,176.33
ORD-10061,2023-03-07,CUST-107,Summit Financial,West,Office Supplies,Whiteboard 4x3ft,2,110.0,0.0,220.0,58.09
ORD-10062,2023-01-21,CUST-110,Pioneer Ventures,West,Apparel,Tech Fleece Hoodie,5,95.0,0.0,475.0,122.55
ORD-10063,2024-03-05,CUST-109,Nexus Labs,South,Apparel,Waterproof Windbreaker,1,130.0,0.0,130.0,33.51
ORD-10064,2024-02-19,CUST-103,Apex Logistics,West,Furniture,Ergonomic Mesh Chair,5,350.0,0.05,1662.5,459.55
ORD-10065,2023-03-27,CUST-107,Summit Financial,South,Apparel,Waterproof Windbreaker,1,130.0,0.0,130.0,28.9
ORD-10066,2023-12-01,CUST-106,Horizon Retail,West,Office Supplies,Whiteboard 4x3ft,1,110.0,0.0,110.0,20.23
ORD-10067,2023-02-23,CUST-106,Horizon Retail,South,Electronics,MacBook Pro 16,3,2499.0,0.15,6372.45,523.83
ORD-10068,2023-01-21,CUST-110,Pioneer Ventures,South,Furniture,Standing Desk 60in,2,650.0,0.0,1300.0,480.42
ORD-10069,2024-04-21,CUST-105,Quantum Dynamics,East,Furniture,Ergonomic Mesh Chair,3,350.0,0.0,1050.0,254.32
ORD-10070,2023-01-27,CUST-105,Quantum Dynamics,West,Apparel,Waterproof Windbreaker,1,130.0,0.05,123.5,33.21
ORD-10071,2023-04-15,CUST-105,Quantum Dynamics,North,Electronics,Sony WH-1000XM5,2,399.0,0.05,758.1,114.75
ORD-10072,2023-12-16,CUST-101,Acme Corp,West,Apparel,Tech Fleece Hoodie,2,95.0,0.0,190.0,68.08
ORD-10073,2024-04-15,CUST-103,Apex Logistics,West,Furniture,Bookshelf 5-Tier,2,180.0,0.15,306.0,66.57
ORD-10074,2024-04-21,CUST-107,Summit Financial,East,Office Supplies,Heavy Duty Stapler,4,25.0,0.0,100.0,35.63
ORD-10075,2023-09-07,CUST-108,Vanguard Health,West,Office Supplies,Laser Printer Toner,2,85.0,0.0,170.0,47.18
ORD-10076,2023-12-30,CUST-105,Quantum Dynamics,East,Office Supplies,A4 Paper Reams (Box of 5),2,45.0,0.05,85.5,15.14
ORD-10077,2023-09-05,CUST-107,Summit Financial,West,Furniture,Monitor Arm Dual,2,120.0,0.0,240.0,81.26
ORD-10078,2023-04-06,CUST-105,Quantum Dynamics,South,Apparel,Waterproof Windbreaker,1,130.0,0.05,123.5,29.2
ORD-10079,2024-06-27,CUST-106,Horizon Retail,West,Office Supplies,A4 Paper Reams (Box of 5),3,45.0,0.0,135.0,31.09
ORD-10080,2023-05-04,CUST-104,Starlight Media,East,Electronics,Logitech MX Master,8,99.0,0.05,752.4,133.3
ORD-10081,2024-05-10,CUST-105,Quantum Dynamics,East,Electronics,Dell XPS 15,1,1899.0,0.0,1899.0,456.62
ORD-10082,2023-05-10,CUST-105,Quantum Dynamics,North,Electronics,Logitech MX Master,1,99.0,0.15,84.15,15.6
ORD-10083,2024-05-17,CUST-102,GlobalTech Industries,North,Office Supplies,Whiteboard 4x3ft,2,110.0,0.0,220.0,82.08
ORD-10084,2023-09-16,CUST-108,Vanguard Health,North,Electronics,iPad Air,2,599.0,0.05,1138.1,320.21
ORD-10085,2023-06-05,CUST-103,Apex Logistics,East,Electronics,Dell XPS 15,1,1899.0,0.1,1709.1,382.2
ORD-10086,2023-08-20,CUST-109,Nexus Labs,West,Apparel,Running Shoes,1,140.0,0.05,133.0,30.21
ORD-10087,2023-03-03,CUST-110,Pioneer Ventures,North,Furniture,Standing Desk 60in,1,650.0,0.0,650.0,148.18
ORD-10088,2023-03-18,CUST-103,Apex Logistics,North,Apparel,Running Shoes,3,140.0,0.0,420.0,78.34
ORD-10089,2023-10-23,CUST-105,Quantum Dynamics,West,Electronics,Dell XPS 15,5,1899.0,0.1,8545.5,1946.59
ORD-10090,2023-07-22,CUST-107,Summit Financial,North,Furniture,Standing Desk 60in,5,650.0,0.1,2925.0,306.42
ORD-10091,2023-06-19,CUST-105,Quantum Dynamics,East,Apparel,Tech Fleece Hoodie,2,95.0,0.0,190.0,49.5
ORD-10092,2023-10-06,CUST-109,Nexus Labs,West,Apparel,Tech Fleece Hoodie,2,95.0,0.15,161.5,33.61
ORD-10093,2023-09-14,CUST-101,Acme Corp,North,Furniture,Ergonomic Mesh Chair,10,350.0,0.05,3325.0,643.66
ORD-10094,2023-02-11,CUST-103,Apex Logistics,West,Apparel,Merino Wool Socks (Pack),1,30.0,0.05,28.5,7.71
ORD-10095,2024-05-18,CUST-102,GlobalTech Industries,West,Office Supplies,Whiteboard 4x3ft,1,110.0,0.05,104.5,33.17
ORD-10096,2023-12-04,CUST-107,Summit Financial,West,Office Supplies,Whiteboard 4x3ft,4,110.0,0.05,418.0,97.22
ORD-10097,2023-11-19,CUST-105,Quantum Dynamics,East,Electronics,iPad Air,4,599.0,0.1,2156.4,192.23
ORD-10098,2024-04-18,CUST-107,Summit Financial,North,Furniture,Bookshelf 5-Tier,2,180.0,0.0,360.0,96.63
ORD-10099,2023-02-22,CUST-104,Starlight Media,East,Furniture,Bookshelf 5-Tier,2,180.0,0.05,342.0,55.54
ORD-10100,2023-09-03,CUST-103,Apex Logistics,East,Electronics,Logitech MX Master,2,99.0,0.0,198.0,68.96
ORD-10101,2023-04-27,CUST-108,Vanguard Health,North,Furniture,Monitor Arm Dual,5,120.0,0.0,600.0,192.65
ORD-10102,2024-03-01,CUST-108,Vanguard Health,West,Furniture,Monitor Arm Dual,2,120.0,0.0,240.0,87.45
ORD-10103,2024-06-04,CUST-103,Apex Logistics,North,Office Supplies,Whiteboard 4x3ft,1,110.0,0.1,99.0,14.68
ORD-10104,2023-01-03,CUST-105,Quantum Dynamics,East,Apparel,Waterproof Windbreaker,2,130.0,0.0,260.0,64.09
ORD-10105,2024-01-22,CUST-108,Vanguard Health,East,Furniture,Standing Desk 60in,2,650.0,0.0,1300.0,435.64
ORD-10106,2023-02-14,CUST-106,Horizon Retail,West,Apparel,Running Shoes,10,140.0,0.1,1260.0,294.57
ORD-10107,2023-06-05,CUST-108,Vanguard Health,North,Furniture,Bookshelf 5-Tier,4,180.0,0.15,612.0,85.0
ORD-10108,2024-06-22,CUST-108,Vanguard Health,North,Furniture,Monitor Arm Dual,4,120.0,0.2,384.0,-2.42
ORD-10109,2023-09-29,CUST-106,Horizon Retail,West,Electronics,Sony WH-1000XM5,4,399.0,0.15,1356.6,169.18
ORD-10110,2023-11-21,CUST-108,Vanguard Health,North,Electronics,Dell XPS 15,2,1899.0,0.15,3228.3,871.58
ORD-10111,2023-04-03,CUST-107,Summit Financial,North,Electronics,iPad Air,1,599.0,0.0,599.0,111.29
ORD-10112,2023-11-29,CUST-101,Acme Corp,East,Office Supplies,A4 Paper Reams (Box of 5),2,45.0,0.0,90.0,23.62
ORD-10113,2023-07-04,CUST-103,Apex Logistics,South,Electronics,Logitech MX Master,4,99.0,0.05,376.2,70.55
ORD-10114,2023-05-27,CUST-104,Starlight Media,West,Office Supplies,Whiteboard 4x3ft,1,110.0,0.0,110.0,37.5
ORD-10115,2023-10-22,CUST-109,Nexus Labs,South,Electronics,iPad Air,5,599.0,0.2,2396.0,119.29
ORD-10116,2024-03-10,CUST-105,Quantum Dynamics,West,Office Supplies,Heavy Duty Stapler,10,25.0,0.15,212.5,12.83
ORD-10117,2024-01-26,CUST-110,Pioneer Ventures,East,Office Supplies,A4 Paper Reams (Box of 5),1,45.0,0.1,40.5,7.16
ORD-10118,2023-01-09,CUST-110,Pioneer Ventures,North,Apparel,Merino Wool Socks (Pack),3,30.0,0.0,90.0,30.63
ORD-10119,2023-08-13,CUST-104,Starlight Media,East,Furniture,Ergonomic Mesh Chair,5,350.0,0.05,1662.5,335.63
ORD-10120,2024-03-27,CUST-101,Acme Corp,East,Furniture,Ergonomic Mesh Chair,5,350.0,0.0,1750.0,460.43
ORD-10121,2023-07-25,CUST-103,Apex Logistics,East,Office Supplies,Heavy Duty Stapler,1,25.0,0.1,22.5,4.41
ORD-10122,2023-10-30,CUST-106,Horizon Retail,North,Apparel,Tech Fleece Hoodie,1,95.0,0.2,76.0,14.44
ORD-10123,2024-02-11,CUST-109,Nexus Labs,East,Electronics,iPad Air,1,599.0,0.05,569.05,132.35
ORD-10124,2023-09-26,CUST-110,Pioneer Ventures,West,Office Supplies,Laser Printer Toner,3,85.0,0.0,255.0,77.5
ORD-10125,2023-12-02,CUST-110,Pioneer Ventures,South,Electronics,iPad Air,5,599.0,0.0,2995.0,783.67
ORD-10126,2023-05-24,CUST-101,Acme Corp,North,Office Supplies,Whiteboard 4x3ft,1,110.0,0.0,110.0,31.63
ORD-10127,2024-02-02,CUST-108,Vanguard Health,East,Apparel,Waterproof Windbreaker,4,130.0,0.05,494.0,154.3
ORD-10128,2024-02-22,CUST-105,Quantum Dynamics,North,Electronics,Dell XPS 15,15,1899.0,0.6,11394.0,-7090.2
ORD-10129,2023-04-12,CUST-106,Horizon Retail,East,Electronics,iPad Air,1,599.0,0.2,479.2,101.71
ORD-10130,2024-04-10,CUST-102,GlobalTech Industries,South,Electronics,MacBook Pro 16,3,2499.0,0.0,7497.0,1538.27
ORD-10131,2023-07-30,CUST-102,GlobalTech Industries,South,Furniture,Standing Desk 60in,1,650.0,0.0,650.0,234.07
ORD-10132,2023-01-03,CUST-105,Quantum Dynamics,South,Furniture,Bookshelf 5-Tier,3,180.0,0.0,540.0,190.78
ORD-10133,2023-05-15,CUST-101,Acme Corp,East,Furniture,Bookshelf 5-Tier,1,180.0,0.0,180.0,36.96
ORD-10134,2024-03-07,CUST-109,Nexus Labs,North,Electronics,iPad Air,2,599.0,0.0,1198.0,357.88
ORD-10135,2024-04-07,CUST-109,Nexus Labs,South,Electronics,Logitech MX Master,1,99.0,0.05,94.05,13.49
ORD-10136,2024-05-05,CUST-107,Summit Financial,West,Electronics,iPad Air,3,599.0,0.0,1797.0,646.66
ORD-10137,2023-11-26,CUST-110,Pioneer Ventures,South,Electronics,Dell XPS 15,1,1899.0,0.05,1804.05,455.14
ORD-10138,2023-11-29,CUST-107,Summit Financial,East,Apparel,Running Shoes,1,140.0,0.1,126.0,35.08
ORD-10139,2023-08-09,CUST-107,Summit Financial,West,Furniture,Monitor Arm Dual,1,120.0,0.0,120.0,31.58
ORD-10140,2023-04-08,CUST-106,Horizon Retail,West,Office Supplies,A4 Paper Reams (Box of 5),1,45.0,0.0,45.0,16.41
ORD-10141,2023-03-10,CUST-102,GlobalTech Industries,North,Electronics,iPad Air,1,599.0,0.1,539.1,145.17
ORD-10142,2023-03-03,CUST-110,Pioneer Ventures,East,Electronics,iPad Air,1,599.0,0.05,569.05,167.75
ORD-10143,2023-02-22,CUST-105,Quantum Dynamics,East,Office Supplies,Laser Printer Toner,2,85.0,0.0,170.0,52.93
ORD-10144,2023-08-18,CUST-102,GlobalTech Industries,East,Office Supplies,Laser Printer Toner,3,85.0,0.05,242.25,74.32
ORD-10145,2023-01-27,CUST-110,Pioneer Ventures,East,Electronics,Dell XPS 15,1,1899.0,0.1,1709.1,501.92
ORD-10146,2023-12-26,CUST-101,Acme Corp,South,Furniture,Monitor Arm Dual,1,120.0,0.1,108.0,32.92
ORD-10147,2023-04-04,CUST-109,Nexus Labs,South,Apparel,Running Shoes,2,140.0,0.0,280.0,67.85
ORD-10148,2023-11-29,CUST-110,Pioneer Ventures,North,Electronics,Dell XPS 15,1,1899.0,0.05,1804.05,502.84
ORD-10149,2023-10-06,CUST-108,Vanguard Health,West,Apparel,Running Shoes,2,140.0,0.0,280.0,79.09
ORD-10150,2023-12-20,CUST-107,Summit Financial,North,Office Supplies,Whiteboard 4x3ft,2,110.0,0.0,220.0,49.3
ORD-10151,2023-02-26,CUST-101,Acme Corp,South,Office Supplies,Heavy Duty Stapler,3,25.0,0.1,67.5,10.34
ORD-10152,2023-05-03,CUST-101,Acme Corp,West,Apparel,Waterproof Windbreaker,1,130.0,0.05,123.5,22.88
ORD-10153,2023-12-29,CUST-102,GlobalTech Industries,West,Electronics,iPad Air,1,599.0,0.15,509.15,121.25
ORD-10154,2024-03-15,CUST-110,Pioneer Ventures,West,Apparel,Merino Wool Socks (Pack),1,30.0,0.0,30.0,7.35
ORD-10155,2024-04-16,CUST-106,Horizon Retail,North,Apparel,Tech Fleece Hoodie,1,95.0,0.05,90.25,22.31
ORD-10156,2024-02-10,CUST-105,Quantum Dynamics,East,Furniture,Bookshelf 5-Tier,3,180.0,0.0,540.0,165.59
ORD-10157,2024-06-27,CUST-109,Nexus Labs,South,Office Supplies,A4 Paper Reams (Box of 5),3,45.0,0.1,121.5,32.81
ORD-10158,2023-08-30,CUST-102,GlobalTech Industries,South,Office Supplies,Heavy Duty Stapler,1,25.0,0.0,25.0,8.3
ORD-10159,2023-03-19,CUST-103,Apex Logistics,West,Apparel,Running Shoes,3,140.0,0.15,357.0,66.61
ORD-10160,2023-11-27,CUST-106,Horizon Retail,South,Apparel,Tech Fleece Hoodie,2,95.0,0.05,180.5,54.96
ORD-10161,2023-02-27,CUST-106,Horizon Retail,North,Office Supplies,Whiteboard 4x3ft,2,110.0,0.0,220.0,76.19
ORD-10162,2023-03-20,CUST-102,GlobalTech Industries,West,Apparel,Tech Fleece Hoodie,2,95.0,0.1,171.0,39.97
ORD-10163,2023-11-26,CUST-110,Pioneer Ventures,West,Furniture,Ergonomic Mesh Chair,2,350.0,0.1,630.0,173.23
ORD-10164,2023-03-28,CUST-109,Nexus Labs,South,Electronics,Dell XPS 15,3,1899.0,0.2,4557.6,483.18
ORD-10165,2023-06-12,CUST-106,Horizon Retail,East,Office Supplies,Whiteboard 4x3ft,2,110.0,0.0,220.0,65.91
ORD-10166,2023-12-09,CUST-102,GlobalTech Industries,East,Electronics,Logitech MX Master,3,99.0,0.0,297.0,96.45
ORD-10167,2023-06-03,CUST-106,Horizon Retail,North,Furniture,Bookshelf 5-Tier,1,180.0,0.05,171.0,47.24
ORD-10168,2023-05-13,CUST-110,Pioneer Ventures,North,Office Supplies,Whiteboard 4x3ft,2,110.0,0.0,220.0,45.22
ORD-10169,2024-06-23,CUST-102,GlobalTech Industries,West,Office Supplies,Laser Printer Toner,1,85.0,0.0,85.0,18.94
ORD-10170,2024-05-12,CUST-104,Starlight Media,South,Furniture,Standing Desk 60in,1,650.0,0.1,585.0,65.15
ORD-10171,2024-06-23,CUST-101,Acme Corp,East,Furniture,Monitor Arm Dual,1,120.0,0.0,120.0,38.23
ORD-10172,2023-06-19,CUST-108,Vanguard Health,North,Apparel,Merino Wool Socks (Pack),3,30.0,0.0,90.0,24.2
ORD-10173,2023-10-19,CUST-108,Vanguard Health,South,Furniture,Bookshelf 5-Tier,8,180.0,0.1,1296.0,375.54
ORD-10174,2023-07-18,CUST-106,Horizon Retail,West,Apparel,Merino Wool Socks (Pack),3,30.0,0.05,85.5,19.24
ORD-10175,2023-06-15,CUST-104,Starlight Media,South,Office Supplies,Laser Printer Toner,2,85.0,0.15,144.5,23.95
ORD-10176,2023-04-16,CUST-109,Nexus Labs,North,Office Supplies,Laser Printer Toner,3,85.0,0.0,255.0,92.07
ORD-10177,2023-05-31,CUST-107,Summit Financial,North,Furniture,Monitor Arm Dual,4,120.0,0.15,408.0,54.23
ORD-10178,2024-02-10,CUST-109,Nexus Labs,East,Furniture,Monitor Arm Dual,10,120.0,0.0,1200.0,222.77
ORD-10179,2023-04-12,CUST-106,Horizon Retail,South,Furniture,Ergonomic Mesh Chair,1,350.0,0.1,315.0,76.73
ORD-10180,2023-05-23,CUST-108,Vanguard Health,West,Electronics,MacBook Pro 16,1,2499.0,0.0,2499.0,524.55
ORD-10181,2024-06-24,CUST-107,Summit Financial,North,Office Supplies,Heavy Duty Stapler,1,25.0,0.0,25.0,6.6
ORD-10182,2024-04-13,CUST-102,GlobalTech Industries,North,Apparel,Tech Fleece Hoodie,2,95.0,0.05,180.5,52.0
ORD-10183,2023-10-26,CUST-107,Summit Financial,North,Office Supplies,Heavy Duty Stapler,2,25.0,0.0,50.0,15.68
ORD-10184,2024-06-20,CUST-106,Horizon Retail,North,Electronics,iPad Air,4,599.0,0.0,2396.0,616.67
ORD-10185,2024-01-18,CUST-105,Quantum Dynamics,North,Office Supplies,Laser Printer Toner,1,85.0,0.1,76.5,17.48
ORD-10186,2023-12-07,CUST-103,Apex Logistics,North,Office Supplies,A4 Paper Reams (Box of 5),4,45.0,0.0,180.0,60.45
ORD-10187,2024-04-20,CUST-108,Vanguard Health,South,Furniture,Ergonomic Mesh Chair,3,350.0,0.15,892.5,39.27
ORD-10188,2023-07-26,CUST-101,Acme Corp,South,Electronics,Sony WH-1000XM5,5,399.0,0.05,1895.25,654.01
ORD-10189,2024-04-29,CUST-105,Quantum Dynamics,North,Furniture,Bookshelf 5-Tier,1,180.0,0.1,162.0,45.57
ORD-10190,2023-12-06,CUST-105,Quantum Dynamics,North,Office Supplies,Whiteboard 4x3ft,4,110.0,0.1,396.0,113.93
ORD-10191,2024-01-31,CUST-106,Horizon Retail,South,Apparel,Running Shoes,1,140.0,0.1,126.0,18.67
ORD-10192,2023-03-26,CUST-107,Summit Financial,North,Apparel,Waterproof Windbreaker,2,130.0,0.0,260.0,50.96
ORD-10193,2023-10-30,CUST-105,Quantum Dynamics,West,Apparel,Waterproof Windbreaker,3,130.0,0.0,390.0,73.5
ORD-10194,2023-12-28,CUST-110,Pioneer Ventures,West,Office Supplies,Laser Printer Toner,1,85.0,0.05,80.75,17.23
ORD-10195,2023-06-13,CUST-101,Acme Corp,South,Apparel,Tech Fleece Hoodie,1,95.0,0.0,95.0,29.36
ORD-10196,2024-01-06,CUST-107,Summit Financial,North,Furniture,Monitor Arm Dual,5,120.0,0.0,600.0,199.57
ORD-10197,2023-05-21,CUST-109,Nexus Labs,East,Apparel,Merino Wool Socks (Pack),2,30.0,0.0,60.0,12.16
ORD-10198,2023-07-10,CUST-108,Vanguard Health,West,Electronics,Sony WH-1000XM5,3,399.0,0.1,1077.3,147.13
ORD-10199,2023-10-20,CUST-108,Vanguard Health,South,Electronics,Dell XPS 15,4,1899.0,0.0,7596.0,2732.55
ORD-10200,2024-03-31,CUST-102,GlobalTech Industries,East,Office Supplies,Laser Printer Toner,2,85.0,0.0,170.0,40.8
ORD-10201,2023-06-11,CUST-103,Apex Logistics,East,Furniture,Ergonomic Mesh Chair,10,350.0,0.1,3150.0,445.72
ORD-10202,2024-05-20,CUST-101,Acme Corp,East,Office Supplies,Whiteboard 4x3ft,4,110.0,0.05,418.0,111.05
ORD-10203,2023-03-30,CUST-102,GlobalTech Industries,East,Apparel,Running Shoes,2,140.0,0.1,252.0,68.51
ORD-10204,2023-03-17,CUST-103,Apex Logistics,East,Electronics,iPad Air,2,599.0,0.05,1138.1,186.49
ORD-10205,2023-07-06,CUST-103,Apex Logistics,West,Electronics,MacBook Pro 16,2,2499.0,0.0,4998.0,1061.54
ORD-10206,2023-08-19,CUST-106,Horizon Retail,East,Electronics,Sony WH-1000XM5,1,399.0,0.2,319.2,13.92
ORD-10207,2023-11-07,CUST-110,Pioneer Ventures,North,Furniture,Standing Desk 60in,1,650.0,0.05,617.5,201.76
ORD-10208,2023-12-12,CUST-110,Pioneer Ventures,North,Electronics,MacBook Pro 16,1,2499.0,0.05,2374.05,613.14
ORD-10209,2023-08-04,CUST-110,Pioneer Ventures,West,Electronics,iPad Air,4,599.0,0.05,2276.2,619.08
ORD-10210,2023-11-06,CUST-108,Vanguard Health,South,Apparel,Merino Wool Socks (Pack),2,30.0,0.05,57.0,9.7
ORD-10211,2024-03-01,CUST-108,Vanguard Health,West,Furniture,Bookshelf 5-Tier,2,180.0,0.0,360.0,116.52
ORD-10212,2023-12-20,CUST-107,Summit Financial,South,Office Supplies,Laser Printer Toner,1,85.0,0.0,85.0,19.85
ORD-10213,2023-09-11,CUST-103,Apex Logistics,North,Electronics,Sony WH-1000XM5,5,399.0,0.15,1695.75,226.69
ORD-10214,2023-06-13,CUST-106,Horizon Retail,East,Furniture,Standing Desk 60in,2,650.0,0.05,1235.0,298.68
ORD-10215,2023-11-12,CUST-108,Vanguard Health,North,Electronics,iPad Air,2,599.0,0.2,958.4,27.59
ORD-10216,2023-12-28,CUST-101,Acme Corp,North,Office Supplies,Whiteboard 4x3ft,2,110.0,0.1,198.0,47.19
ORD-10217,2023-10-20,CUST-109,Nexus Labs,North,Electronics,iPad Air,1,599.0,0.0,599.0,151.64
ORD-10218,2024-02-17,CUST-106,Horizon Retail,North,Apparel,Tech Fleece Hoodie,2,95.0,0.0,190.0,55.22
ORD-10219,2023-03-17,CUST-107,Summit Financial,West,Office Supplies,Laser Printer Toner,1,85.0,0.0,85.0,21.64
ORD-10220,2023-12-14,CUST-109,Nexus Labs,East,Furniture,Standing Desk 60in,2,650.0,0.0,1300.0,244.47
ORD-10221,2023-02-09,CUST-103,Apex Logistics,East,Apparel,Running Shoes,1,140.0,0.15,119.0,8.11
ORD-10222,2023-11-23,CUST-103,Apex Logistics,West,Office Supplies,A4 Paper Reams (Box of 5),2,45.0,0.05,85.5,20.52
ORD-10223,2023-11-03,CUST-108,Vanguard Health,North,Office Supplies,A4 Paper Reams (Box of 5),3,45.0,0.2,108.0,13.06
ORD-10224,2023-01-28,CUST-110,Pioneer Ventures,West,Office Supplies,Heavy Duty Stapler,3,25.0,0.05,71.25,12.31
ORD-10225,2024-01-25,CUST-103,Apex Logistics,South,Electronics,Logitech MX Master,5,99.0,0.0,495.0,90.97
ORD-10226,2023-11-18,CUST-107,Summit Financial,South,Apparel,Waterproof Windbreaker,2,130.0,0.1,234.0,68.67
ORD-10227,2023-03-05,CUST-103,Apex Logistics,South,Office Supplies,Whiteboard 4x3ft,2,110.0,0.0,220.0,47.22
ORD-10228,2024-06-29,CUST-106,Horizon Retail,East,Office Supplies,Whiteboard 4x3ft,1,110.0,0.0,110.0,32.08
ORD-10229,2023-08-19,CUST-105,Quantum Dynamics,East,Furniture,Monitor Arm Dual,1,120.0,0.0,120.0,44.01
ORD-10230,2023-10-08,CUST-105,Quantum Dynamics,North,Apparel,Running Shoes,4,140.0,0.2,448.0,78.92
ORD-10231,2023-10-25,CUST-101,Acme Corp,East,Electronics,Sony WH-1000XM5,5,399.0,0.05,1895.25,557.54
ORD-10232,2023-08-08,CUST-104,Starlight Media,East,Office Supplies,Heavy Duty Stapler,1,25.0,0.1,22.5,3.2
ORD-10233,2023-02-21,CUST-109,Nexus Labs,South,Furniture,Ergonomic Mesh Chair,1,350.0,0.0,350.0,96.07
ORD-10234,2023-05-21,CUST-101,Acme Corp,South,Apparel,Running Shoes,2,140.0,0.0,280.0,104.38
ORD-10235,2023-11-25,CUST-105,Quantum Dynamics,North,Electronics,Logitech MX Master,1,99.0,0.1,89.1,24.76
ORD-10236,2023-02-08,CUST-103,Apex Logistics,West,Furniture,Ergonomic Mesh Chair,10,350.0,0.0,3500.0,976.77
ORD-10237,2023-10-24,CUST-101,Acme Corp,North,Office Supplies,Laser Printer Toner,5,85.0,0.0,425.0,115.12
ORD-10238,2024-06-20,CUST-108,Vanguard Health,South,Apparel,Merino Wool Socks (Pack),1,30.0,0.0,30.0,6.37
ORD-10239,2024-04-14,CUST-105,Quantum Dynamics,South,Electronics,Sony WH-1000XM5,3,399.0,0.05,1137.15,336.9
ORD-10240,2023-06-29,CUST-110,Pioneer Ventures,West,Apparel,Merino Wool Socks (Pack),1,30.0,0.05,28.5,5.01
ORD-10241,2023-05-24,CUST-108,Vanguard Health,East,Furniture,Ergonomic Mesh Chair,1,350.0,0.0,350.0,115.76
ORD-10242,2023-12-04,CUST-105,Quantum Dynamics,North,Office Supplies,A4 Paper Reams (Box of 5),3,45.0,0.0,135.0,27.49
ORD-10243,2023-11-11,CUST-103,Apex Logistics,West,Office Supplies,Laser Printer Toner,2,85.0,0.15,144.5,17.6
ORD-10244,2023-08-15,CUST-104,Starlight Media,South,Apparel,Waterproof Windbreaker,2,130.0,0.2,208.0,14.23
ORD-10245,2024-04-27,CUST-109,Nexus Labs,South,Furniture,Ergonomic Mesh Chair,2,350.0,0.05,665.0,141.65
ORD-10246,2023-04-25,CUST-101,Acme Corp,South,Furniture,Standing Desk 60in,1,650.0,0.05,617.5,99.61
ORD-10247,2023-07-30,CUST-110,Pioneer Ventures,West,Electronics,Logitech MX Master,2,99.0,0.0,198.0,40.86
ORD-10248,2024-03-01,CUST-108,Vanguard Health,North,Apparel,Merino Wool Socks (Pack),3,30.0,0.0,90.0,30.9
ORD-10249,2023-08-12,CUST-110,Pioneer Ventures,North,Electronics,iPad Air,1,599.0,0.0,599.0,226.92
ORD-10250,2023-03-12,CUST-108,Vanguard Health,North,Office Supplies,Whiteboard 4x3ft,1,110.0,0.0,110.0,33.91
ORD-10251,2024-03-06,CUST-106,Horizon Retail,West,Apparel,Running Shoes,1,140.0,0.05,133.0,36.73
ORD-10252,2023-05-17,CUST-106,Horizon Retail,North,Furniture,Monitor Arm Dual,2,120.0,0.1,216.0,29.89
ORD-10253,2023-01-04,CUST-101,Acme Corp,East,Apparel,Running Shoes,2,140.0,0.1,252.0,36.26
ORD-10254,2023-12-21,CUST-103,Apex Logistics,East,Furniture,Ergonomic Mesh Chair,1,350.0,0.05,332.5,88.54
ORD-10255,2023-01-17,CUST-104,Starlight Media,South,Electronics,MacBook Pro 16,2,2499.0,0.0,4998.0,1571.39
ORD-10256,2023-02-19,CUST-104,Starlight Media,North,Apparel,Running Shoes,1,140.0,0.0,140.0,49.38
ORD-10257,2023-02-27,CUST-103,Apex Logistics,East,Furniture,Bookshelf 5-Tier,2,180.0,0.1,324.0,87.72
ORD-10258,2023-08-31,CUST-105,Quantum Dynamics,South,Furniture,Monitor Arm Dual,1,120.0,0.0,120.0,44.36
ORD-10259,2023-06-29,CUST-107,Summit Financial,West,Electronics,Sony WH-1000XM5,5,399.0,0.05,1895.25,572.89
ORD-10260,2023-11-23,CUST-107,Summit Financial,West,Furniture,Bookshelf 5-Tier,1,180.0,0.1,162.0,31.45
ORD-10261,2023-08-19,CUST-105,Quantum Dynamics,South,Apparel,Tech Fleece Hoodie,2,95.0,0.2,152.0,17.38
ORD-10262,2023-05-18,CUST-107,Summit Financial,South,Office Supplies,Heavy Duty Stapler,1,25.0,0.0,25.0,6.75
ORD-10263,2024-01-15,CUST-102,GlobalTech Industries,South,Electronics,Sony WH-1000XM5,1,399.0,0.05,379.05,55.03
ORD-10264,2023-03-16,CUST-104,Starlight Media,South,Apparel,Waterproof Windbreaker,4,130.0,0.0,520.0,193.13
ORD-10265,2023-01-16,CUST-104,Starlight Media,South,Electronics,iPad Air,5,599.0,0.05,2845.25,810.91
ORD-10266,2024-02-11,CUST-104,Starlight Media,East,Office Supplies,Whiteboard 4x3ft,2,110.0,0.05,209.0,42.17
ORD-10267,2024-01-04,CUST-109,Nexus Labs,West,Apparel,Tech Fleece Hoodie,4,95.0,0.1,342.0,88.28
ORD-10268,2023-11-24,CUST-104,Starlight Media,East,Office Supplies,Whiteboard 4x3ft,1,110.0,0.15,93.5,19.61
ORD-10269,2023-01-17,CUST-105,Quantum Dynamics,West,Office Supplies,Heavy Duty Stapler,1,25.0,0.0,25.0,7.35
ORD-10270,2023-09-09,CUST-108,Vanguard Health,East,Office Supplies,Whiteboard 4x3ft,8,110.0,0.05,836.0,200.74
ORD-10271,2023-06-22,CUST-106,Horizon Retail,South,Furniture,Monitor Arm Dual,1,120.0,0.15,102.0,27.37
ORD-10272,2023-03-02,CUST-109,Nexus Labs,North,Electronics,MacBook Pro 16,3,2499.0,0.0,7497.0,2612.77
ORD-10273,2023-08-25,CUST-102,GlobalTech Industries,South,Electronics,Dell XPS 15,2,1899.0,0.0,3798.0,1152.95
ORD-10274,2024-05-09,CUST-108,Vanguard Health,North,Electronics,Logitech MX Master,2,99.0,0.0,198.0,56.6
ORD-10275,2023-10-09,CUST-109,Nexus Labs,East,Electronics,Logitech MX Master,4,99.0,0.05,376.2,115.33
ORD-10276,2023-07-03,CUST-102,GlobalTech Industries,North,Furniture,Standing Desk 60in,1,650.0,0.05,617.5,190.48
ORD-10277,2023-10-01,CUST-107,Summit Financial,North,Office Supplies,Whiteboard 4x3ft,2,110.0,0.0,220.0,70.28
ORD-10278,2023-11-04,CUST-102,GlobalTech Industries,North,Electronics,iPad Air,1,599.0,0.05,569.05,84.59
ORD-10279,2023-01-10,CUST-103,Apex Logistics,North,Apparel,Running Shoes,2,140.0,0.0,280.0,105.13
ORD-10280,2023-04-08,CUST-109,Nexus Labs,North,Furniture,Standing Desk 60in,5,650.0,0.05,3087.5,790.91
ORD-10281,2023-10-05,CUST-101,Acme Corp,North,Office Supplies,Laser Printer Toner,1,85.0,0.15,72.25,2.82
ORD-10282,2023-08-01,CUST-110,Pioneer Ventures,South,Apparel,Tech Fleece Hoodie,1,95.0,0.05,90.25,23.12
ORD-10283,2024-02-03,CUST-109,Nexus Labs,East,Apparel,Waterproof Windbreaker,3,130.0,0.05,370.5,56.82
ORD-10284,2023-12-21,CUST-101,Acme Corp,North,Apparel,Waterproof Windbreaker,4,130.0,0.0,520.0,173.58
ORD-10285,2024-02-11,CUST-106,Horizon Retail,North,Office Supplies,Whiteboard 4x3ft,2,110.0,0.0,220.0,81.01
ORD-10286,2024-03-18,CUST-103,Apex Logistics,West,Electronics,Logitech MX Master,1,99.0,0.0,99.0,19.28
ORD-10287,2023-10-02,CUST-103,Apex Logistics,West,Furniture,Monitor Arm Dual,1,120.0,0.0,120.0,21.72
ORD-10288,2023-11-12,CUST-108,Vanguard Health,East,Office Supplies,Laser Printer Toner,1,85.0,0.0,85.0,22.93
ORD-10289,2024-06-08,CUST-107,Summit Financial,North,Electronics,MacBook Pro 16,1,2499.0,0.0,2499.0,748.72
ORD-10290,2023-11-29,CUST-107,Summit Financial,North,Office Supplies,Whiteboard 4x3ft,1,110.0,0.0,110.0,39.62
ORD-10291,2023-09-06,CUST-110,Pioneer Ventures,South,Apparel,Waterproof Windbreaker,1,130.0,0.0,130.0,36.22
ORD-10292,2023-03-06,CUST-103,Apex Logistics,West,Office Supplies,Whiteboard 4x3ft,1,110.0,0.1,99.0,16.74
ORD-10293,2023-09-10,CUST-108,Vanguard Health,South,Apparel,Tech Fleece Hoodie,1,95.0,0.0,95.0,24.62
ORD-10294,2024-01-25,CUST-106,Horizon Retail,West,Office Supplies,Whiteboard 4x3ft,4,110.0,0.15,374.0,98.93
ORD-10295,2023-05-20,CUST-105,Quantum Dynamics,East,Furniture,Monitor Arm Dual,1,120.0,0.2,96.0,20.85
ORD-10296,2023-10-26,CUST-108,Vanguard Health,South,Office Supplies,Whiteboard 4x3ft,1,110.0,0.1,99.0,16.83
ORD-10297,2023-07-24,CUST-110,Pioneer Ventures,South,Electronics,iPad Air,5,599.0,0.0,2995.0,1016.91
ORD-10298,2023-03-12,CUST-107,Summit Financial,West,Furniture,Bookshelf 5-Tier,1,180.0,0.05,171.0,49.15
ORD-10299,2024-01-22,CUST-102,GlobalTech Industries,West,Apparel,Running Shoes,2,140.0,0.15,238.0,57.1
ORD-10300,2024-03-04,CUST-109,Nexus Labs,North,Office Supplies,Laser Printer Toner,1,85.0,0.0,85.0,26.6
ORD-10301,2023-06-20,CUST-110,Pioneer Ventures,North,Apparel,Merino Wool Socks (Pack),8,30.0,0.0,240.0,43.71
ORD-10302,2023-09-22,CUST-104,Starlight Media,South,Apparel,Merino Wool Socks (Pack),1,30.0,0.1,27.0,5.93
ORD-10303,2024-05-27,CUST-103,Apex Logistics,East,Electronics,iPad Air,1,599.0,0.0,599.0,223.03
ORD-10304,2023-04-29,CUST-103,Apex Logistics,East,Office Supplies,A4 Paper Reams (Box of 5),2,45.0,0.0,90.0,24.89
ORD-10305,2024-05-02,CUST-102,GlobalTech Industries,West,Apparel,Merino Wool Socks (Pack),1,30.0,0.0,30.0,9.66
ORD-10306,2023-01-24,CUST-106,Horizon Retail,North,Furniture,Standing Desk 60in,2,650.0,0.05,1235.0,255.06
ORD-10307,2024-03-12,CUST-108,Vanguard Health,South,Apparel,Waterproof Windbreaker,1,130.0,0.05,123.5,27.19
ORD-10308,2023-07-22,CUST-108,Vanguard Health,West,Apparel,Tech Fleece Hoodie,3,95.0,0.0,285.0,94.18
ORD-10309,2023-03-06,CUST-110,Pioneer Ventures,North,Furniture,Bookshelf 5-Tier,1,180.0,0.0,180.0,41.84
ORD-10310,2024-05-16,CUST-109,Nexus Labs,East,Furniture,Standing Desk 60in,28,650.0,0.0,18200.0,6353.68
ORD-10311,2023-06-26,CUST-105,Quantum Dynamics,North,Furniture,Bookshelf 5-Tier,1,180.0,0.0,180.0,38.99
ORD-10312,2023-05-25,CUST-109,Nexus Labs,West,Apparel,Waterproof Windbreaker,2,130.0,0.0,260.0,72.11
ORD-10313,2023-06-27,CUST-109,Nexus Labs,South,Apparel,Merino Wool Socks (Pack),1,30.0,0.0,30.0,8.11
ORD-10314,2023-02-24,CUST-106,Horizon Retail,North,Apparel,Waterproof Windbreaker,1,130.0,0.0,130.0,38.0
ORD-10315,2024-05-21,CUST-107,Summit Financial,West,Apparel,Running Shoes,2,140.0,0.0,280.0,52.13
ORD-10316,2023-08-14,CUST-105,Quantum Dynamics,North,Office Supplies,Heavy Duty Stapler,2,25.0,0.0,50.0,13.57
ORD-10317,2024-05-22,CUST-109,Nexus Labs,North,Electronics,Sony WH-1000XM5,3,399.0,0.1,1077.3,183.59
ORD-10318,2023-02-12,CUST-108,Vanguard Health,South,Apparel,Tech Fleece Hoodie,3,95.0,0.05,270.75,51.16
ORD-10319,2023-02-03,CUST-108,Vanguard Health,East,Office Supplies,Laser Printer Toner,2,85.0,0.2,136.0,22.97
ORD-10320,2023-08-31,CUST-104,Starlight Media,East,Apparel,Waterproof Windbreaker,2,130.0,0.1,234.0,63.1
ORD-10321,2023-03-02,CUST-110,Pioneer Ventures,East,Office Supplies,Heavy Duty Stapler,1,25.0,0.1,22.5,3.45
ORD-10322,2023-10-01,CUST-109,Nexus Labs,North,Furniture,Monitor Arm Dual,5,120.0,0.2,480.0,92.05
ORD-10323,2023-05-10,CUST-103,Apex Logistics,South,Furniture,Bookshelf 5-Tier,4,180.0,0.1,648.0,154.98
ORD-10324,2024-05-16,CUST-103,Apex Logistics,East,Apparel,Running Shoes,2,140.0,0.05,266.0,85.69
ORD-10325,2023-04-06,CUST-107,Summit Financial,East,Office Supplies,Whiteboard 4x3ft,8,110.0,0.0,880.0,158.84
ORD-10326,2023-04-06,CUST-108,Vanguard Health,East,Electronics,Logitech MX Master,1,99.0,0.2,79.2,14.35
ORD-10327,2024-05-21,CUST-105,Quantum Dynamics,East,Office Supplies,A4 Paper Reams (Box of 5),2,45.0,0.0,90.0,31.54
ORD-10328,2023-12-18,CUST-101,Acme Corp,North,Electronics,iPad Air,1,599.0,0.15,509.15,36.9
ORD-10329,2024-04-12,CUST-101,Acme Corp,West,Furniture,Standing Desk 60in,4,650.0,0.0,2600.0,922.7
ORD-10330,2023-10-08,CUST-102,GlobalTech Industries,East,Office Supplies,Laser Printer Toner,1,85.0,0.15,72.25,5.36
ORD-10331,2024-02-10,CUST-105,Quantum Dynamics,South,Apparel,Tech Fleece Hoodie,3,95.0,0.0,285.0,78.48
ORD-10332,2023-05-16,CUST-110,Pioneer Ventures,South,Apparel,Tech Fleece Hoodie,1,95.0,0.0,95.0,19.39
ORD-10333,2024-03-08,CUST-103,Apex Logistics,West,Electronics,Dell XPS 15,1,1899.0,0.1,1709.1,190.82
ORD-10334,2023-11-17,CUST-106,Horizon Retail,East,Furniture,Monitor Arm Dual,3,120.0,0.1,324.0,38.39
ORD-10335,2023-05-27,CUST-102,GlobalTech Industries,North,Furniture,Monitor Arm Dual,1,120.0,0.0,120.0,39.56
ORD-10336,2024-02-26,CUST-110,Pioneer Ventures,West,Furniture,Ergonomic Mesh Chair,4,350.0,0.0,1400.0,286.48
ORD-10337,2024-01-29,CUST-106,Horizon Retail,West,Office Supplies,Heavy Duty Stapler,1,25.0,0.05,23.75,4.49
ORD-10338,2023-10-19,CUST-101,Acme Corp,East,Furniture,Standing Desk 60in,3,650.0,0.0,1950.0,372.28
ORD-10339,2023-09-03,CUST-108,Vanguard Health,West,Electronics,Dell XPS 15,2,1899.0,0.05,3608.1,895.03
ORD-10340,2023-01-13,CUST-106,Horizon Retail,East,Furniture,Monitor Arm Dual,4,120.0,0.05,456.0,97.48
ORD-10341,2023-06-26,CUST-108,Vanguard Health,North,Electronics,Logitech MX Master,1,99.0,0.0,99.0,18.61
ORD-10342,2023-03-03,CUST-107,Summit Financial,East,Apparel,Running Shoes,3,140.0,0.0,420.0,120.67
ORD-10343,2023-06-06,CUST-105,Quantum Dynamics,North,Office Supplies,Laser Printer Toner,2,85.0,0.0,170.0,58.07
ORD-10344,2023-12-01,CUST-107,Summit Financial,North,Office Supplies,Whiteboard 4x3ft,3,110.0,0.1,297.0,30.22
ORD-10345,2023-03-30,CUST-107,Summit Financial,North,Apparel,Tech Fleece Hoodie,1,95.0,0.1,85.5,21.67
ORD-10346,2023-05-03,CUST-101,Acme Corp,South,Electronics,Dell XPS 15,2,1899.0,0.0,3798.0,1076.52
ORD-10347,2023-09-23,CUST-103,Apex Logistics,East,Furniture,Bookshelf 5-Tier,3,180.0,0.0,540.0,194.39
ORD-10348,2023-12-10,CUST-107,Summit Financial,East,Electronics,Sony WH-1000XM5,3,399.0,0.05,1137.15,174.06
ORD-10349,2024-04-11,CUST-109,Nexus Labs,East,Electronics,iPad Air,4,599.0,0.0,2396.0,506.66
ORD-10350,2023-04-16,CUST-110,Pioneer Ventures,North,Furniture,Ergonomic Mesh Chair,1,350.0,0.15,297.5,27.62
ORD-10351,2024-04-28,CUST-106,Horizon Retail,West,Furniture,Standing Desk 60in,5,650.0,0.15,2762.5,456.86
ORD-10352,2024-03-05,CUST-104,Starlight Media,East,Furniture,Monitor Arm Dual,5,120.0,0.0,600.0,207.12
ORD-10353,2024-01-17,CUST-102,GlobalTech Industries,North,Furniture,Standing Desk 60in,4,650.0,0.2,2080.0,444.12
ORD-10354,2023-03-12,CUST-108,Vanguard Health,East,Office Supplies,A4 Paper Reams (Box of 5),1,45.0,0.0,45.0,11.42
ORD-10355,2023-10-26,CUST-110,Pioneer Ventures,East,Furniture,Monitor Arm Dual,1,120.0,0.2,96.0,21.55
ORD-10356,2023-07-20,CUST-109,Nexus Labs,South,Furniture,Ergonomic Mesh Chair,5,350.0,0.0,1750.0,504.54
ORD-10357,2023-01-10,CUST-106,Horizon Retail,North,Apparel,Merino Wool Socks (Pack),1,30.0,0.05,28.5,5.33
ORD-10358,2024-05-18,CUST-101,Acme Corp,South,Office Supplies,Laser Printer Toner,1,85.0,0.0,85.0,29.67
ORD-10359,2024-02-27,CUST-106,Horizon Retail,West,Electronics,Logitech MX Master,1,99.0,0.0,99.0,34.06
ORD-10360,2023-03-18,CUST-110,Pioneer Ventures,North,Apparel,Waterproof Windbreaker,1,130.0,0.0,130.0,31.59
ORD-10361,2024-02-07,CUST-106,Horizon Retail,East,Apparel,Merino Wool Socks (Pack),1,30.0,0.15,25.5,1.72
ORD-10362,2023-04-22,CUST-103,Apex Logistics,North,Furniture,Monitor Arm Dual,2,120.0,0.0,240.0,68.92
ORD-10363,2023-08-01,CUST-108,Vanguard Health,East,Apparel,Merino Wool Socks (Pack),4,30.0,0.0,120.0,40.98
ORD-10364,2023-11-08,CUST-110,Pioneer Ventures,North,Furniture,Bookshelf 5-Tier,1,180.0,0.1,162.0,49.26
ORD-10365,2024-02-10,CUST-109,Nexus Labs,North,Office Supplies,A4 Paper Reams (Box of 5),4,45.0,0.0,180.0,66.68
ORD-10366,2024-04-08,CUST-109,Nexus Labs,South,Electronics,iPad Air,1,599.0,0.1,539.1,62.47
ORD-10367,2023-03-05,CUST-104,Starlight Media,South,Furniture,Monitor Arm Dual,1,120.0,0.05,114.0,31.07
ORD-10368,2023-09-23,CUST-102,GlobalTech Industries,North,Electronics,Dell XPS 15,5,1899.0,0.0,9495.0,1953.68
ORD-10369,2023-12-06,CUST-102,GlobalTech Industries,North,Apparel,Tech Fleece Hoodie,1,95.0,0.05,90.25,27.96
ORD-10370,2024-02-09,CUST-108,Vanguard Health,North,Apparel,Running Shoes,1,140.0,0.0,140.0,30.44
ORD-10371,2023-10-14,CUST-108,Vanguard Health,South,Electronics,Logitech MX Master,2,99.0,0.0,198.0,47.33
ORD-10372,2024-02-26,CUST-109,Nexus Labs,West,Electronics,MacBook Pro 16,1,2499.0,0.0,2499.0,549.51
ORD-10373,2024-06-22,CUST-104,Starlight Media,North,Apparel,Merino Wool Socks (Pack),2,30.0,0.1,54.0,8.93
ORD-10374,2024-05-29,CUST-106,Horizon Retail,West,Office Supplies,Heavy Duty Stapler,1,25.0,0.05,23.75,3.4
ORD-10375,2023-10-15,CUST-101,Acme Corp,West,Office Supplies,Heavy Duty Stapler,8,25.0,0.0,200.0,62.27
ORD-10376,2023-09-30,CUST-109,Nexus Labs,North,Furniture,Monitor Arm Dual,1,120.0,0.1,108.0,29.89
ORD-10377,2023-06-30,CUST-104,Starlight Media,East,Office Supplies,Laser Printer Toner,3,85.0,0.0,255.0,74.85
ORD-10378,2023-05-26,CUST-110,Pioneer Ventures,South,Apparel,Merino Wool Socks (Pack),1,30.0,0.0,30.0,5.74
ORD-10379,2023-08-13,CUST-101,Acme Corp,West,Electronics,Sony WH-1000XM5,5,399.0,0.0,1995.0,411.17
ORD-10380,2023-07-01,CUST-106,Horizon Retail,North,Electronics,Dell XPS 15,2,1899.0,0.15,3228.3,702.15
ORD-10381,2024-06-22,CUST-106,Horizon Retail,North,Office Supplies,Whiteboard 4x3ft,2,110.0,0.0,220.0,53.79
ORD-10382,2023-06-11,CUST-107,Summit Financial,West,Office Supplies,Heavy Duty Stapler,3,25.0,0.05,71.25,23.09
ORD-10383,2024-01-01,CUST-104,Starlight Media,South,Apparel,Merino Wool Socks (Pack),3,30.0,0.0,90.0,19.4
ORD-10384,2023-01-02,CUST-110,Pioneer Ventures,West,Electronics,Dell XPS 15,2,1899.0,0.15,3228.3,848.88
ORD-10385,2023-08-15,CUST-110,Pioneer Ventures,North,Apparel,Waterproof Windbreaker,1,130.0,0.0,130.0,32.42
ORD-10386,2023-11-24,CUST-103,Apex Logistics,North,Office Supplies,Whiteboard 4x3ft,1,110.0,0.0,110.0,35.05
ORD-10387,2023-12-25,CUST-105,Quantum Dynamics,North,Electronics,MacBook Pro 16,1,2499.0,0.1,2249.1,684.28
ORD-10388,2024-02-28,CUST-108,Vanguard Health,West,Office Supplies,Whiteboard 4x3ft,1,110.0,0.0,110.0,38.81
ORD-10389,2023-08-19,CUST-103,Apex Logistics,West,Electronics,MacBook Pro 16,1,2499.0,0.0,2499.0,925.46
ORD-10390,2023-03-17,CUST-106,Horizon Retail,South,Apparel,Waterproof Windbreaker,3,130.0,0.05,370.5,120.75
ORD-10391,2023-04-06,CUST-106,Horizon Retail,West,Electronics,iPad Air,5,599.0,0.0,2995.0,1072.06
ORD-10392,2023-06-10,CUST-101,Acme Corp,North,Office Supplies,Heavy Duty Stapler,8,25.0,0.0,200.0,58.16
ORD-10393,2023-09-29,CUST-105,Quantum Dynamics,East,Furniture,Ergonomic Mesh Chair,1,350.0,0.05,332.5,104.29
ORD-10394,2023-06-07,CUST-101,Acme Corp,East,Electronics,iPad Air,1,599.0,0.1,539.1,122.81
ORD-10395,2024-05-06,CUST-104,Starlight Media,North,Electronics,Dell XPS 15,1,1899.0,0.0,1899.0,372.94
ORD-10396,2023-04-29,CUST-105,Quantum Dynamics,West,Apparel,Running Shoes,4,140.0,0.0,560.0,172.69
ORD-10397,2024-02-01,CUST-103,Apex Logistics,East,Apparel,Merino Wool Socks (Pack),1,30.0,0.0,30.0,8.04
ORD-10398,2023-09-27,CUST-104,Starlight Media,East,Electronics,Dell XPS 15,3,1899.0,0.05,5412.15,838.26
ORD-10399,2023-12-19,CUST-109,Nexus Labs,West,Furniture,Ergonomic Mesh Chair,4,350.0,0.1,1260.0,229.22
ORD-10400,2024-05-01,CUST-110,Pioneer Ventures,South,Apparel,Merino Wool Socks (Pack),1,30.0,0.15,25.5,5.19
ORD-10401,2024-05-29,CUST-110,Pioneer Ventures,South,Electronics,iPad Air,1,599.0,0.2,479.2,104.49
ORD-10402,2023-07-17,CUST-103,Apex Logistics,North,Apparel,Tech Fleece Hoodie,10,95.0,0.0,950.0,360.48
ORD-10403,2023-06-01,CUST-110,Pioneer Ventures,East,Office Supplies,Laser Printer Toner,1,85.0,0.05,80.75,20.43
ORD-10404,2023-10-10,CUST-109,Nexus Labs,West,Electronics,Logitech MX Master,2,99.0,0.1,178.2,20.3
ORD-10405,2023-06-03,CUST-103,Apex Logistics,North,Electronics,Logitech MX Master,3,99.0,0.1,267.3,75.29
ORD-10406,2023-12-19,CUST-107,Summit Financial,East,Apparel,Running Shoes,2,140.0,0.0,280.0,60.04
ORD-10407,2024-02-17,CUST-103,Apex Logistics,West,Electronics,iPad Air,4,599.0,0.0,2396.0,545.13
ORD-10408,2024-05-01,CUST-105,Quantum Dynamics,East,Electronics,Sony WH-1000XM5,4,399.0,0.0,1596.0,376.77
ORD-10409,2024-05-18,CUST-102,GlobalTech Industries,South,Furniture,Bookshelf 5-Tier,8,180.0,0.0,1440.0,497.04
ORD-10410,2023-10-03,CUST-107,Summit Financial,North,Furniture,Monitor Arm Dual,1,120.0,0.1,108.0,27.38
ORD-10411,2024-06-12,CUST-106,Horizon Retail,North,Furniture,Ergonomic Mesh Chair,1,350.0,0.05,332.5,55.0
ORD-10412,2024-06-20,CUST-110,Pioneer Ventures,North,Furniture,Standing Desk 60in,4,650.0,0.0,2600.0,497.97
ORD-10413,2023-02-03,CUST-108,Vanguard Health,North,Office Supplies,Heavy Duty Stapler,1,25.0,0.1,22.5,4.53
ORD-10414,2023-05-07,CUST-101,Acme Corp,South,Office Supplies,Whiteboard 4x3ft,2,110.0,0.0,220.0,77.9
ORD-10415,2023-12-25,CUST-106,Horizon Retail,South,Office Supplies,Laser Printer Toner,1,85.0,0.0,85.0,18.07
ORD-10416,2023-08-08,CUST-104,Starlight Media,South,Furniture,Bookshelf 5-Tier,3,180.0,0.05,513.0,163.58
ORD-10417,2023-01-10,CUST-108,Vanguard Health,South,Furniture,Ergonomic Mesh Chair,1,350.0,0.05,332.5,111.51
ORD-10418,2023-10-09,CUST-107,Summit Financial,West,Office Supplies,Whiteboard 4x3ft,1,110.0,0.0,110.0,34.7
ORD-10419,2024-02-11,CUST-110,Pioneer Ventures,North,Electronics,Logitech MX Master,10,99.0,0.2,792.0,146.4
ORD-10420,2023-10-17,CUST-105,Quantum Dynamics,North,Apparel,Tech Fleece Hoodie,1,95.0,0.0,95.0,23.28
ORD-10421,2023-10-11,CUST-105,Quantum Dynamics,East,Furniture,Standing Desk 60in,2,650.0,0.0,1300.0,248.76
ORD-10422,2024-02-18,CUST-106,Horizon Retail,South,Electronics,iPad Air,10,599.0,0.0,5990.0,1579.64
ORD-10423,2024-02-02,CUST-101,Acme Corp,South,Office Supplies,Heavy Duty Stapler,3,25.0,0.05,71.25,16.89
ORD-10424,2024-01-03,CUST-109,Nexus Labs,East,Furniture,Standing Desk 60in,1,650.0,0.0,650.0,213.32
ORD-10425,2023-07-07,CUST-106,Horizon Retail,North,Furniture,Bookshelf 5-Tier,1,180.0,0.15,153.0,20.54
ORD-10426,2023-12-06,CUST-106,Horizon Retail,East,Office Supplies,Whiteboard 4x3ft,4,110.0,0.0,440.0,155.44
ORD-10427,2023-03-14,CUST-108,Vanguard Health,South,Electronics,iPad Air,2,599.0,0.0,1198.0,424.3
ORD-10428,2023-06-04,CUST-103,Apex Logistics,South,Office Supplies,Whiteboard 4x3ft,10,110.0,0.15,935.0,250.06
ORD-10429,2023-05-27,CUST-106,Horizon Retail,South,Electronics,iPad Air,1,599.0,0.2,479.2,25.57
ORD-10430,2023-03-01,CUST-101,Acme Corp,West,Office Supplies,Heavy Duty Stapler,3,25.0,0.0,75.0,24.97
ORD-10431,2024-05-16,CUST-102,GlobalTech Industries,South,Apparel,Running Shoes,2,140.0,0.2,224.0,15.87
ORD-10432,2023-02-08,CUST-109,Nexus Labs,South,Office Supplies,Laser Printer Toner,4,85.0,0.1,306.0,63.31
ORD-10433,2023-01-19,CUST-101,Acme Corp,South,Furniture,Bookshelf 5-Tier,1,180.0,0.0,180.0,50.52
ORD-10434,2023-11-10,CUST-103,Apex Logistics,North,Electronics,Sony WH-1000XM5,5,399.0,0.0,1995.0,566.7
ORD-10435,2024-06-20,CUST-106,Horizon Retail,West,Furniture,Bookshelf 5-Tier,10,180.0,0.0,1800.0,594.04
ORD-10436,2023-06-18,CUST-107,Summit Financial,North,Furniture,Standing Desk 60in,3,650.0,0.0,1950.0,637.29
ORD-10437,2024-05-31,CUST-103,Apex Logistics,North,Office Supplies,Laser Printer Toner,1,85.0,0.05,80.75,24.16
ORD-10438,2023-02-19,CUST-110,Pioneer Ventures,North,Electronics,MacBook Pro 16,1,2499.0,0.0,2499.0,671.89
ORD-10439,2023-05-07,CUST-109,Nexus Labs,East,Apparel,Waterproof Windbreaker,1,130.0,0.05,123.5,17.14
ORD-10440,2024-03-06,CUST-102,GlobalTech Industries,East,Furniture,Monitor Arm Dual,4,120.0,0.0,480.0,155.4
ORD-10441,2023-05-01,CUST-105,Quantum Dynamics,North,Electronics,iPad Air,1,599.0,0.0,599.0,139.33
ORD-10442,2024-06-19,CUST-104,Starlight Media,East,Apparel,Merino Wool Socks (Pack),1,30.0,0.05,28.5,9.36
ORD-10443,2024-05-07,CUST-106,Horizon Retail,South,Electronics,MacBook Pro 16,3,2499.0,0.15,6372.45,1477.26
ORD-10444,2024-05-20,CUST-103,Apex Logistics,North,Electronics,MacBook Pro 16,5,2499.0,0.05,11870.25,2765.77
ORD-10445,2023-10-31,CUST-105,Quantum Dynamics,West,Electronics,MacBook Pro 16,4,2499.0,0.15,8496.6,2003.7
ORD-10446,2024-01-04,CUST-106,Horizon Retail,West,Electronics,MacBook Pro 16,4,2499.0,0.15,8496.6,319.22
ORD-10447,2023-05-22,CUST-103,Apex Logistics,East,Office Supplies,Whiteboard 4x3ft,8,110.0,0.0,880.0,287.42
ORD-10448,2024-01-17,CUST-106,Horizon Retail,South,Electronics,iPad Air,2,599.0,0.0,1198.0,415.88
ORD-10449,2024-05-04,CUST-107,Summit Financial,South,Electronics,Dell XPS 15,3,1899.0,0.0,5697.0,2099.31
ORD-10450,2023-06-13,CUST-102,GlobalTech Industries,West,Apparel,Running Shoes,1,140.0,0.0,140.0,35.24
ORD-10451,2023-01-30,CUST-103,Apex Logistics,West,Apparel,Tech Fleece Hoodie,4,95.0,0.0,380.0,73.21
ORD-10452,2023-11-18,CUST-101,Acme Corp,South,Office Supplies,Laser Printer Toner,2,85.0,0.1,153.0,29.99
ORD-10453,2024-01-30,CUST-103,Apex Logistics,North,Electronics,Dell XPS 15,2,1899.0,0.0,3798.0,1060.28
ORD-10454,2023-06-19,CUST-102,GlobalTech Industries,West,Office Supplies,Heavy Duty Stapler,1,25.0,0.0,25.0,7.03
ORD-10455,2024-01-23,CUST-107,Summit Financial,South,Electronics,iPad Air,2,599.0,0.05,1138.1,176.83
ORD-10456,2024-05-25,CUST-108,Vanguard Health,East,Electronics,iPad Air,3,599.0,0.0,1797.0,468.46
ORD-10457,2023-02-06,CUST-109,Nexus Labs,North,Electronics,Logitech MX Master,8,99.0,0.05,752.4,243.95
ORD-10458,2023-07-31,CUST-108,Vanguard Health,East,Office Supplies,Laser Printer Toner,4,85.0,0.1,306.0,49.77
ORD-10459,2024-04-29,CUST-106,Horizon Retail,West,Electronics,MacBook Pro 16,3,2499.0,0.0,7497.0,1861.29
ORD-10460,2023-10-26,CUST-109,Nexus Labs,East,Electronics,MacBook Pro 16,4,2499.0,0.0,9996.0,3442.3
ORD-10461,2024-02-24,CUST-102,GlobalTech Industries,East,Furniture,Standing Desk 60in,1,650.0,0.15,552.5,47.53
ORD-10462,2023-07-15,CUST-106,Horizon Retail,North,Apparel,Tech Fleece Hoodie,5,95.0,0.1,427.5,93.94
ORD-10463,2024-04-06,CUST-108,Vanguard Health,South,Apparel,Tech Fleece Hoodie,2,95.0,0.0,190.0,69.74
ORD-10464,2024-05-09,CUST-109,Nexus Labs,South,Furniture,Standing Desk 60in,1,650.0,0.05,617.5,163.3
ORD-10465,2023-11-26,CUST-109,Nexus Labs,West,Apparel,Waterproof Windbreaker,1,130.0,0.2,104.0,22.63
ORD-10466,2024-04-08,CUST-103,Apex Logistics,South,Apparel,Merino Wool Socks (Pack),4,30.0,0.05,114.0,23.13
ORD-10467,2023-08-11,CUST-104,Starlight Media,South,Office Supplies,A4 Paper Reams (Box of 5),5,45.0,0.0,225.0,72.47
ORD-10468,2023-07-02,CUST-109,Nexus Labs,East,Electronics,Sony WH-1000XM5,2,399.0,0.05,758.1,254.19
ORD-10469,2024-03-03,CUST-109,Nexus Labs,East,Apparel,Tech Fleece Hoodie,2,95.0,0.0,190.0,39.72
ORD-10470,2023-02-27,CUST-104,Starlight Media,East,Furniture,Bookshelf 5-Tier,3,180.0,0.0,540.0,103.9
ORD-10471,2023-10-30,CUST-104,Starlight Media,North,Office Supplies,Whiteboard 4x3ft,1,110.0,0.15,93.5,19.57
ORD-10472,2023-08-18,CUST-109,Nexus Labs,West,Furniture,Bookshelf 5-Tier,3,180.0,0.0,540.0,138.41
ORD-10473,2024-03-02,CUST-106,Horizon Retail,North,Electronics,Sony WH-1000XM5,1,399.0,0.15,339.15,80.63
ORD-10474,2024-03-29,CUST-104,Starlight Media,East,Furniture,Standing Desk 60in,1,650.0,0.0,650.0,205.75
ORD-10475,2023-07-11,CUST-103,Apex Logistics,North,Apparel,Tech Fleece Hoodie,2,95.0,0.05,180.5,29.64
ORD-10476,2023-09-19,CUST-101,Acme Corp,East,Apparel,Waterproof Windbreaker,1,130.0,0.15,110.5,19.42
ORD-10477,2023-11-05,CUST-108,Vanguard Health,East,Electronics,Sony WH-1000XM5,2,399.0,0.2,638.4,67.13
ORD-10478,2024-06-01,CUST-103,Apex Logistics,West,Apparel,Tech Fleece Hoodie,1,95.0,0.15,80.75,15.45
ORD-10479,2023-12-06,CUST-106,Horizon Retail,East,Furniture,Monitor Arm Dual,10,120.0,0.1,1080.0,331.47
ORD-10480,2023-01-10,CUST-102,GlobalTech Industries,East,Apparel,Waterproof Windbreaker,5,130.0,0.05,617.5,165.25
ORD-10481,2023-02-10,CUST-106,Horizon Retail,West,Electronics,iPad Air,1,599.0,0.1,539.1,50.88
ORD-10482,2024-06-13,CUST-106,Horizon Retail,West,Apparel,Tech Fleece Hoodie,1,95.0,0.05,90.25,18.44
ORD-10483,2023-03-26,CUST-102,GlobalTech Industries,South,Electronics,MacBook Pro 16,1,2499.0,0.05,2374.05,431.41
ORD-10484,2024-03-10,CUST-102,GlobalTech Industries,South,Apparel,Tech Fleece Hoodie,3,95.0,0.0,285.0,77.48
ORD-10485,2023-12-06,CUST-101,Acme Corp,North,Electronics,MacBook Pro 16,1,2499.0,0.0,2499.0,485.03
ORD-10486,2023-08-22,CUST-105,Quantum Dynamics,West,Apparel,Running Shoes,2,140.0,0.0,280.0,51.35
ORD-10487,2023-05-02,CUST-109,Nexus Labs,North,Electronics,Logitech MX Master,1,99.0,0.1,89.1,15.0
ORD-10488,2024-05-29,CUST-102,GlobalTech Industries,East,Office Supplies,Laser Printer Toner,1,85.0,0.15,72.25,9.03
ORD-10489,2023-02-01,CUST-108,Vanguard Health,South,Furniture,Standing Desk 60in,3,650.0,0.1,1755.0,487.29
ORD-10490,2023-10-30,CUST-103,Apex Logistics,East,Office Supplies,Laser Printer Toner,2,85.0,0.05,161.5,26.29
ORD-10491,2023-01-06,CUST-110,Pioneer Ventures,West,Electronics,Sony WH-1000XM5,1,399.0,0.1,359.1,89.85
ORD-10492,2023-08-05,CUST-107,Summit Financial,South,Furniture,Standing Desk 60in,1,650.0,0.1,585.0,77.26
ORD-10493,2023-07-05,CUST-110,Pioneer Ventures,North,Apparel,Tech Fleece Hoodie,1,95.0,0.0,95.0,18.97
ORD-10494,2024-05-13,CUST-106,Horizon Retail,East,Furniture,Standing Desk 60in,1,650.0,0.05,617.5,201.52
ORD-10495,2023-11-22,CUST-108,Vanguard Health,West,Office Supplies,A4 Paper Reams (Box of 5),3,45.0,0.0,135.0,39.61
ORD-10496,2023-11-20,CUST-107,Summit Financial,South,Electronics,Sony WH-1000XM5,1,399.0,0.0,399.0,130.86
ORD-10497,2024-03-22,CUST-105,Quantum Dynamics,East,Furniture,Bookshelf 5-Tier,4,180.0,0.0,720.0,181.26
ORD-10498,2023-11-09,CUST-108,Vanguard Health,North,Furniture,Ergonomic Mesh Chair,4,350.0,0.15,1190.0,81.2
ORD-10499,2023-07-21,CUST-105,Quantum Dynamics,North,Electronics,MacBook Pro 16,4,2499.0,0.05,9496.2,2924.11
ORD-10500,2024-02-19,CUST-110,Pioneer Ventures,South,Electronics,Logitech MX Master,1,99.0,0.15,84.15,13.66
